Workbook

Sheet 참가 명단
A1: BATTLE OF TAMPA BAY 2027 · 참가 신청 명단
A2: 2027. 1. 29(금) – 1. 31(일) · 2인 1팀 · 정원 24개 팀(48명) · 한 줄에 한 팀씩 입력하세요
E3: 선 수 1 | K3: 선 수 2
A4: No. | B4: 접수일 | C4: 지역 · 팀 | D4: 부문 | E4: 선수1 이름 | F4: 나이 | G4: 영문명 | H4: 연락처 | I4: 이메일 | J4: 핸디 | K4: 선수2 이름 | L4: 나이 | M4: 영문명 | N4: 연락처 | O4: 이메일 | P4: 핸디 | Q4: 요청 사항 | R4: 스폰서 | S4: 참가비 | T4: 확정 | U4: 메모
A5: 1 | B5: 2026-09-01 | C5: FL · 플로리다 | D5: 남성부 | E5: 홍길동 | F5: 55 | G5: Gil-dong Hong | H5: 813-000-0000 | I5: hong@email.com | J5: 6 – 10 | K5: 김철수 | L5: 48 | M5: Chul-soo Kim | N5: 201-000-0000 | O5: kim@email.com | P5: 11 – 15 | Q5: 숙소 공유 희망 | R5: N | S5: 입금완료 | T5: 확정 | U5: ← 예시 행 (지우고 쓰세요)
A6: =IF(E6="","",COUNTA($E$6:$E6)+1)
A7: =IF(E7="","",COUNTA($E$6:$E7)+1)
A8: =IF(E8="","",COUNTA($E$6:$E8)+1)
A9: =IF(E9="","",COUNTA($E$6:$E9)+1)
A10: =IF(E10="","",COUNTA($E$6:$E10)+1)
A11: =IF(E11="","",COUNTA($E$6:$E11)+1)
A12: =IF(E12="","",COUNTA($E$6:$E12)+1)
A13: =IF(E13="","",COUNTA($E$6:$E13)+1)
A14: =IF(E14="","",COUNTA($E$6:$E14)+1)
A15: =IF(E15="","",COUNTA($E$6:$E15)+1)
A16: =IF(E16="","",COUNTA($E$6:$E16)+1)
A17: =IF(E17="","",COUNTA($E$6:$E17)+1)
... A64: =IF(E64="","",COUNTA($E$6:$E64)+1)

Sheet 접수 현황
A1: 접수 현황
A2: "참가 명단" 시트에 입력하면 자동으로 계산됩니다
A4: 등록 팀 수 | B4: =COUNTA('참가 명단'!$E$6:$E$64) -> 0 | D4: 부문별
A5: 등록 인원 | B5: =COUNTA('참가 명단'!$E$6:$E$64)*2 -> 0 | D5: 남성부 | E5: =COUNTIF('참가 명단'!$D$6:$D$64,D5) -> 0
A6: 잔여 팀 | B6: =24-COUNTA('참가 명단'!$E$6:$E$64) -> 24 | D6: 여성부 | E6: =COUNTIF('참가 명단'!$D$6:$D$64,D6) -> 0
A7: 잔여 인원 | B7: =48-COUNTA('참가 명단'!$E$6:$E$64)*2 -> 48 | D7: 혼성부 | E7: =COUNTIF('참가 명단'!$D$6:$D$64,D7) -> 0
A8: 입금 완료 팀 | B8: =COUNTIF('참가 명단'!$S$6:$S$64,"입금완료") -> 0 | D8: 시니어부 | E8: =COUNTIF('참가 명단'!$D$6:$D$64,D8) -> 0
A9: 확정 팀 | B9: =COUNTIF('참가 명단'!$T$6:$T$64,"확정") -> 0
A10: 스폰서 관심 | B10: =COUNTIF('참가 명단'!$R$6:$R$64,"Y") -> 0
D11: 지역별
D12: NY · 뉴욕 | E12: =COUNTIF('참가 명단'!$C$6:$C$64,D12) -> 0
A13: 사용 방법 | D13: NJ · 뉴저지 | E13: =COUNTIF('참가 명단'!$C$6:$C$64,D13) -> 0
A14: 1. 신청 메일이 오면 "참가 명단" 시트에 한 줄씩 옮겨 적습니다. | D14: MD · 메릴랜드 | E14: =COUNTIF('참가 명단'!$C$6:$C$64,D14) -> 0
A15: 2. 5행의 회색 예시는 지우고 6행부터 쓰시면 됩니다. | D15: VA · 버지니아 | E15: =COUNTIF('참가 명단'!$C$6:$C$64,D15) -> 0
A16: 3. 지역·부문·핸디·참가비·확정 칸은 목록에서 골라 넣습니다. | D16: AL · 알라바마 | E16: =COUNTIF('참가 명단'!$C$6:$C$64,D16) -> 0
A17: 4. 참가비가 "입금완료"면 초록색, "미납"이면 붉은색으로 표시됩니다. | D17: GA · 조지아 | E17: =COUNTIF('참가 명단'!$C$6:$C$64,D17) -> 0
A18: 5. No. 열과 이 시트의 숫자는 자동으로 계산되니 건드리지 마세요. | D18: TX · 텍사스 | E18: =COUNTIF('참가 명단'!$C$6:$C$64,D18) -> 0
A19: 6. 60팀까지 입력 가능합니다. 더 필요하면 알려주세요. | D19: FL · 플로리다 | E19: =COUNTIF('참가 명단'!$C$6:$C$64,D19) -> 0
D20: MN · 미네소타 | E20: =COUNTIF('참가 명단'!$C$6:$C$64,D20) -> 0
D21: KR · 한국 | E21: =COUNTIF('참가 명단'!$C$6:$C$64,D21) -> 0
D22: 기타 지역 | E22: =COUNTIF('참가 명단'!$C$6:$C$64,D22) -> 0
